Rank,URL,PageRank Score
1,https://www.bbc.com/,0.005336
2,https://www.bbc.co.uk/contact,0.003852
3,https://www.bbc.co.uk/aboutthebbc,0.003849
4,https://www.bbc.co.uk/editorialguidelines/guidance/feeds-and-links,0.003584
5,https://www.bbc.co.uk/accessibility/,0.003558
6,https://www.bbc.co.uk/usingthebbc/terms,0.003035
7,https://www.bbc.com/usingthebbc/privacy/,0.002839
8,https://www.bbc.com/usingthebbc/cookies/,0.002834
9,https://www.bbc.com/advertisingcontact,0.002772
10,https://www.bbc.co.uk/bbcnewsletter,0.002112
11,https://www.bbc.com/weather,0.002071
12,https://www.bbc.com/usingthebbc/cookies/how-can-i-change-my-bbc-cookie-settings/,0.002056
13,https://www.bbc.com/news,0.001761
14,https://www.bbc.com/sport,0.001761
15,https://www.bbc.com/culture,0.001761
16,https://www.bbc.com/travel,0.001761
17,https://www.bbc.com/contact-bbc-com-help,0.001713
18,https://www.bbc.com/newsletters,0.001708
19,https://shop.bbc.com/,0.001708
20,https://www.britbox.com/?utm_source=bbc.com&utm_medium=referral&utm_campaign=footer,0.001708
21,https://www.bbc.co.uk/sounds,0.001469
22,https://www.bbc.com/business,0.001398
23,https://www.bbc.com/future-planet,0.001398
24,https://www.bbc.com/video,0.001398
25,https://www.bbc.co.uk/accessibility,0.001304
26,https://www.bbc.co.uk,0.001292
27,https://www.bbc.co.uk/cbeebies,0.00129
28,https://www.bbc.co.uk/cbbc,0.00129
29,https://www.bbc.co.uk/bitesize,0.001287
30,https://www.bbc.co.uk/iplayer/guidance,0.001287
31,https://www.bbc.com/innovation,0.001276
32,https://www.bbc.com/live,0.001276
33,https://help.x.com/using-x/x-supported-browsers,0.001236
34,https://twitter.com/tos,0.001236
35,https://twitter.com/privacy,0.001236
36,https://support.twitter.com/articles/20170514,0.001236
37,https://legal.twitter.com/imprint.html,0.001236
38,https://business.twitter.com/en/help/troubleshooting/how-twitter-ads-work.html?ref=web-twc-ao-gbl-adsinfo&utm_source=twc&utm_medium=web&utm_campaign=ao&utm_content=adsinfo,0.001236
39,https://www.bbc.co.uk/sport,0.001149
40,https://www.bbc.co.uk/usingthebbc/terms/,0.001137
41,https://www.bbc.co.uk/guidance,0.001134
42,https://www.bbc.co.uk/news,0.001123
43,https://www.bbc.co.uk/weather,0.00112
44,https://www.bbc.co.uk/iplayer,0.00112
45,https://www.bbc.co.uk/usingthebbc/cookies/,0.001111
46,https://www.bbc.co.uk/usingthebbc/privacy/,0.001108
47,https://www.bbc.co.uk/contact/complaints/,0.001105
48,https://www.bbc.co.uk/notifications,0.001103
49,https://www.bbc.co.uk/food,0.001103
50,https://account.bbc.com/account,0.001096
51,https://www.bbc.com/usingthebbc/privacy,0.001035
52,https://www.bbc.com/usingthebbc/cookies,0.001035
53,https://www.bbc.com/advertisingcontact/,0.001035
54,http://www.bbc.co.uk/accessibility/,0.000894
55,http://www.bbcstudios.com/about-us/about-bbc-studios/,0.000891
56,http://www.bbcstudios.com/about-us/awards/,0.000891
57,http://www.bbcstudios.com/about-us/executive-committee/,0.000891
58,http://www.bbcstudios.com/what-we-do/content-studio/,0.000891
59,http://www.bbcstudios.com/what-we-do/global-media-streaming/,0.000891
60,http://www.bbcstudios.com/what-we-do/supporting-creative-talent/,0.000891
61,http://www.bbcstudios.com/people-culture/sustainability/,0.000891
62,http://www.bbcstudios.com/people-culture/people-culture/,0.000891
63,http://www.bbcstudios.com/news/,0.000891
64,http://www.bbcstudios.com/contact/contact-us/,0.000891
65,http://www.bbcstudios.com/contact/our-locations/,0.000891
66,http://www.bbcstudios.com/contact/faqs/,0.000891
67,https://careers.bbcstudios.com/,0.000891
68,https://twitter.com/bbcstudios,0.000891
69,https://www.linkedin.com/company/bbc-studios,0.000891
70,https://www.instagram.com/bbcstudios/,0.000891
71,https://sales.bbcstudios.com/,0.000891
72,https://www.bbc.com,0.000836
73,http://shop.bbc.com/,0.000819
74,https://watch.britbox.com/us/gifting,0.000708
75,https://help.britbox.com/hc/en-us,0.000708
76,https://www.britbox.com/us/terms-and-conditions,0.000708
77,https://www.britbox.com/us/privacy,0.000708
78,https://search.bbc.co.uk/search?scope=all&destination=BBC_CORPORATE_PS,0.000681
79,https://www.bbc.com/reel,0.000663
80,https://www.bbc.com/worklife,0.000663
81,https://www.bbc.com/future,0.000663
82,https://www.bbc.co.uk/schedules/p00fzl9m,0.000663
83,https://www.bbc.com/future/earth,0.000658
84,https://www.bbc.com/culture/music,0.000649
85,https://www.bbc.com/audio,0.000642
86,https://www.bbcstudios.com/privacy/,0.000626
87,https://www.bbcstudios.com/cookies,0.00061
88,https://www.facebook.com/BritainsBest,0.000607
89,https://www.twitter.com/BritainsBest,0.000607
90,https://www.pinterest.com/britainsbest/,0.000607
91,https://www.instagram.com/doctorwhoshop/,0.000607
92,https://www.youtube.com/user/BBC,0.000607
93,https://help.britbox.com/hc/en-us/articles/360043212953-What-devices-can-I-use-to-watch-BritBox-,0.00059
94,https://www.bbc.co.uk/usingthebbc/cookies,0.000575
95,https://www.bbc.co.uk/help/web/links/,0.000571
96,https://www.bbc.co.uk/usingthebbc/privacy,0.000568
97,https://www.bbc.co.uk/usingthebbc/account,0.000551
98,https://www.bbc.com/news/live/cwy3jnl3nvwt,0.00055
99,https://www.facebook.com/metoffice,0.000541
100,https://www.bbc.com/arts/arts-in-motion,0.000535
